<application id="barcode" name="SampleBarcodeFFIApp"><luanamespace name="barcode" iphoneheaders="KXing.zip:DataMatrixReader.h/Decoder.h/DecoderDelegate.h/KLZXingDelegate.h/MultiFormatOneDReader.h/MultiFormatUPCEANReader.h/OverlayView.h/ParsedResult.h/QRCodeReader.h/ZXingWidgetController.h"><luamethod name="scanbarcode" returntype="void" ><params><param name="result" type="Closure"/></params><mappings><mapping platform="iphone" library="KXing.zip" namespace="" class="KLZXingDelegate" static = "true" method="scanBarCodeWithCallback" returntype="void" passactivitycontext="false" ><params><param type="Closure"/></params></mapping><mapping platform="android" library="barcode.jar" namespace="com.kony.androidffi" class="Scanner" static = "false" method="scanBarcode" returntype="void" passactivitycontext="true" ><params><param type="Closure"/></params></mapping><mapping platform="bb" library="barcodeBB.jar" namespace="com.kony.blackberryffi" class="CameraLib" static = "false" method="scanBarcode" returntype="void" passactivitycontext="false" ><params><param type="Closure"/></params></mapping></mappings></luamethod></luanamespace></application>