<?xml version="1.0" encoding="UTF-8" standalone="yes"?><javaScriptFFIContainer><namespaces name="scanbarcodeffi"><jsFunctions name="getscancode"><mappings platformId="1"><nativeFunction static="false" packageName="" name="zbarStartScan" library="ZBarSDKChrysler.zip" frameworks="" className="KonyZBarReader"><versionSpecificLibraries><entry><key>5.0</key></entry><entry><key>6.0</key></entry></versionSpecificLibraries></nativeFunction></mappings><mappings platformId="16"><nativeFunction static="false" packageName="" name="zbarStartScan" library="ZBarSDKChrysler.zip" frameworks="" className="KonyZBarReader"><versionSpecificLibraries><entry><key>5.0</key></entry><entry><key>6.0</key></entry></versionSpecificLibraries></nativeFunction></mappings><returnTypes>String</returnTypes></jsFunctions><jsFunctions name="getbarcode"><mappings platformId="8"><nativeFunction static="false" packageName="com.konydemo.thirdparty.intent" name="scanBarcode" library="BarcodeScannerFFI.jar" frameworks="" className="ScanAnyBarcode"><params dataType="com.konylabs.vm.Function"/><versionSpecificLibraries><entry><key>5.0</key></entry><entry><key>6.0</key></entry></versionSpecificLibraries></nativeFunction></mappings><mappings platformId="18"><nativeFunction static="false" packageName="com.konydemo.thirdparty.intent" name="scanBarcode" library="BarcodeScannerFFI.jar" frameworks="" className="ScanAnyBarcode"><params dataType="com.konylabs.vm.Function"/><versionSpecificLibraries><entry><key>5.0</key></entry><entry><key>6.0</key></entry></versionSpecificLibraries></nativeFunction></mappings><params name="callbackFunction" dataType="Function"/><returnTypes>void</returnTypes></jsFunctions></namespaces></javaScriptFFIContainer>