<application id="CUB" name="CUB" ffixmlversion="1.0" language="js"><jsnamespace namespace="scanbarcodeffi" iphoneheaders="ZBarSDKChrysler.zip:zbar.h/Decoder.h/Exception.h/Image.h/ImageScanner.h/Processor.h/Scanner.h/Symbol.h/Video.h/Window.h/ZBarCameraSimulator.h/ZBarCaptureReader.h/ZBarHelpController.h/ZBarImage.h/ZBarImageScanner.h/ZBarReaderController.h/ZBarReaderView.h/ZBarReaderViewController.h/ZBarSDK.h/ZBarSymbol.h/ZBarCodeReaderDelegate.h" ipadheaders="ZBarSDKChrysler.zip:zbar.h/Decoder.h/Exception.h/Image.h/ImageScanner.h/Processor.h/Scanner.h/Symbol.h/Video.h/Window.h/ZBarCameraSimulator.h/ZBarCaptureReader.h/ZBarHelpController.h/ZBarImage.h/ZBarImageScanner.h/ZBarReaderController.h/ZBarReaderView.h/ZBarReaderViewController.h/ZBarSDK.h/ZBarSymbol.h/ZBarCodeReaderDelegate.h"><jsclasses></jsclasses><jsfunctions><jsfunction name="getscancode" returntype="String"><params></params><mappings><mapping platform="iphone" library="ZBarSDKChrysler.zip" namespace="" class="KonyZBarReader" static="true" method="zbarStartScan" returntype="NSString"  frameworks=""><params></params></mapping><mapping platform="ipad" library="ZBarSDKChrysler.zip" namespace="" class="KonyZBarReader" static="true" method="zbarStartScan" returntype="NSString"  frameworks=""><params></params></mapping></mappings></jsfunction><jsfunction name="getbarcode" returntype="void"><params><param name="callbackFunction" type="Function"/></params><mappings><mapping platform="android" library="BarcodeScannerFFI.jar" namespace="com.konydemo.thirdparty.intent" class="ScanAnyBarcode" static="true" method="scanBarcode" returntype="void"  frameworks=""><params><param type="com.konylabs.vm.Function"/></params></mapping><mapping platform="tabrcandroid" library="BarcodeScannerFFI.jar" namespace="com.konydemo.thirdparty.intent" class="ScanAnyBarcode" static="true" method="scanBarcode" returntype="void"  frameworks=""><params><param type="com.konylabs.vm.Function"/></params></mapping></mappings></jsfunction></jsfunctions></jsnamespace></application>